id,code_hash,tier,format,created_at,status,activated_at,device_hash,note
001,876d2d70518738e4acfc9a2e1fa820a2f164eef7385c0fa6c35426625ed894cd,pro,v2,2026-09-21T17:52:42.5492499+08:00,unused,,,
002,b70960c061896167f25f6a957bdac3115c7505d76a14dde0cbc8a53cabdb87b1,pro,v2,2026-09-21T17:52:42.5492499+08:00,unused,,,
003,b135a8314d1603fb4c2ad274f49fc2995c89da2b152c5c195101ef313927e6c7,pro,v2,2026-09-21T17:52:42.5492499+08:00,unused,,,
004,5a6a9992a9b5bffecbb9d1ba4516bdcd9d6be2a06ec1aa46f706abe7a83023b3,pro,v2,2026-09-21T17:52:42.5492499+08:00,unused,,,
005,848555a66d41a0bc33ec7ae3f1697379f0e30db42555574d655e2091d009ce1b,pro,v2,2026-09-21T17:52:42.5492499+08:00,unused,,,
006,310c10b1024152394488ade01a900fa20201ec70911011bc3f4ceca47882104c,pro,v2,2026-09-21T17:52:42.5492499+08:00,unused,,,
007,e5c1ea8d8b5dd8695040180d4b422228e13c45bd9eaae0093b4c5dc2384cd98f,pro,v2,2026-09-21T17:52:42.5492499+08:00,unused,,,
008,a44fb2842b40375bcbbb9b041521ed619265fa586a598346f8fe62082a18a906,pro,v2,2026-09-21T17:52:42.5492499+08:00,unused,,,
009,c61ee3e723a80a457e8706e18c4db399a2dbf075acc9fe42431611893e264cc0,pro,v2,2026-09-21T17:52:42.5492499+08:00,unused,,,
010,b6d6c8d7c2dfc3661dee869e486eb70079d90d2ac8ba6d4e02feedf8bf7fed24,pro,v2,2026-09-21T17:52:42.5492499+08:00,unused,,,
011,7213af33ecbd5808e64a1f699c34242b95c71be218fd5e7dde078b9a78a0f419,pro,v2,2026-09-21T17:52:42.5492499+08:00,unused,,,
012,4415e3cc6672a66098ac4f808b70c3de3d43f2904f26c5ea05cb0bbee7a13ed5,pro,v2,2026-09-21T17:52:42.5492499+08:00,unused,,,
013,df6b2e28db42482864409bef4b32e350ed89eeda97c99fb82b43660a75b7fb5c,pro,v2,2026-09-21T17:52:42.5492499+08:00,unused,,,
014,caa7058377cffc889832bdab00539b320fad94f48d0b5c58a99e3b94ff4c6742,pro,v2,2026-09-21T17:52:42.5492499+08:00,unused,,,
015,11fa197fc8a00514af715a5cc0562192dca79e7c5a97b6402d14bef4e8b4332d,pro,v2,2026-09-21T17:52:42.5492499+08:00,unused,,,
016,5ff035af7e6432102a31e340ad7feac997e7c8ebc1954d2a50f83d5d3a277c81,pro,v2,2026-09-21T17:52:42.5492499+08:00,unused,,,
017,3d2bd968cb90e9766e9836771c1f997730fb450ea124fd3714d7d5afc51d7f58,pro,v2,2026-09-21T17:52:42.5492499+08:00,unused,,,
018,ea15b68444cd6302bad2ad575539eaf97b51ba40e884adcd3ce62967a2a983a6,pro,v2,2026-09-21T17:52:42.5492499+08:00,unused,,,
019,a4bde4b660021f1b62b9e5cea3c8219ba2cd6df0479acc3edfac20684268e4c5,pro,v2,2026-09-21T17:52:42.5492499+08:00,unused,,,
020,b28e84641f9dc74cb0983c0adf0c2ed85b1988f5d58910bc6033a282858644d9,pro,v2,2026-09-21T17:52:42.5492499+08:00,unused,,,
021,4db53204222d88dbf61ecb00936b0f520d95be7230e8461e83725f77df062906,pro,v2,2026-09-21T17:52:42.5492499+08:00,unused,,,
022,c91b015341923d5a6b33c11beff65ea59870568041a93b87fdb27f11768d4f52,pro,v2,2026-09-21T17:52:42.5492499+08:00,unused,,,
023,57169d308f09730206646568e69642fea253a4933730734d09f47ea0f0a193a5,pro,v2,2026-09-21T17:52:42.5492499+08:00,unused,,,
024,7f6deb54b984dfa863800f26282c74ce60847d09356010504311b0b15d714841,pro,v2,2026-09-21T17:52:42.5492499+08:00,unused,,,
025,62e4deff6bb184084062a137c6c89bffba20e8f80e88d9e9d578347801f4d181,pro,v2,2026-09-21T17:52:42.5492499+08:00,unused,,,
026,b5996d0046fb1b07679b869c121517fdf307a8c8591e5dcde6dedf21cbd58d9a,pro,v2,2026-09-21T17:52:42.5492499+08:00,unused,,,
027,b8785098b09eb799dab0a393542726458a51c334a81248d0b0abe973ea178c38,pro,v2,2026-09-21T17:52:42.5492499+08:00,unused,,,
028,68e3932345be775159f80addb5b4f128e3018d8054092aeb2e8d4aafac79fa74,pro,v2,2026-09-21T17:52:42.5492499+08:00,unused,,,
029,25fd5eacdffb01d4629d9cd50f5a1b52634e022b203c89771c3aeea973778806,pro,v2,2026-09-21T17:52:42.5492499+08:00,unused,,,
030,a5192ba213890a97b8167b6562ab7be56af07d9b41e658422163d4373d83f753,pro,v2,2026-09-21T17:52:42.5492499+08:00,unused,,,
031,81b97c7c643e01827dc0a25ce6d264ae82bacacecc662be0105404cded3d263b,pro,v2,2026-09-21T17:52:42.5492499+08:00,unused,,,
032,1b20c4bfef0d2ded4f113661fe0580a081ef2fd2c053ca44fd1609fed607c403,pro,v2,2026-09-21T17:52:42.5492499+08:00,unused,,,
033,a92ee2dec07b30e9992010196fe6f52be9bf0aa674bc94f250fbf3360964f50e,pro,v2,2026-09-21T17:52:42.5492499+08:00,unused,,,
034,7cd2aff6eae4c679e65aed4b239708f3fbe0ba7913855f5d4210aa4b6fbd850e,pro,v2,2026-09-21T17:52:42.5492499+08:00,unused,,,
035,417378557e4f02a9d26b35e7b5a388708d03b1f7ed8756e09e031b1ef60dbc9e,pro,v2,2026-09-21T17:52:42.5492499+08:00,unused,,,
036,5ce7aa7db9f5f5bb4e34cd20e100576b1a6d3bcd230425d37c93c385571a8c77,pro,v2,2026-09-21T17:52:42.5492499+08:00,unused,,,
037,ff2f21e0a73f2cae08713b09c4301e0ca2ec25640c7c6dd7c9d98d0fbdafb87f,pro,v2,2026-09-21T17:52:42.5492499+08:00,unused,,,
038,0bbe7dc0e93e795ba496582449fe58d2e255a426f056469523061898d38e5e6d,pro,v2,2026-09-21T17:52:42.5492499+08:00,unused,,,
039,2f33e513d1191c754d5e895007515bd212df99ba2dca805ab458252e4275c255,pro,v2,2026-09-21T17:52:42.5492499+08:00,unused,,,
040,8ef0f959244a8160351b641ed82cb3c3b1813f45b95a8b1a327e7acd0dc330cb,pro,v2,2026-09-21T17:52:42.5492499+08:00,unused,,,
041,1bdf5603042756cc3ceb6afda48185f312086dff13b48a04e7f0ff92db2b16e9,pro,v2,2026-09-21T17:52:42.5492499+08:00,unused,,,
042,182c8df312a101572dc4f775c16de336cfe92ea65c67dcadd871ff927e693ccd,pro,v2,2026-09-21T17:52:42.5492499+08:00,unused,,,
043,7505836364cca5cf9502dce9026bec54376878c746987a3f1cffb3e866797e81,pro,v2,2026-09-21T17:52:42.5492499+08:00,unused,,,
044,437d5f0457aaef9044cf2bcf444c665e5e9981844c5c6a59334a2d25bcdce8cf,pro,v2,2026-09-21T17:52:42.5492499+08:00,unused,,,
045,5f652bb6e3dd5afcdde7f7f12df323ef104fa5b75dc242a594bf9649f7b71105,pro,v2,2026-09-21T17:52:42.5492499+08:00,unused,,,
046,13249b2de0069831f65d9b8d53f328f54c57b5fd2eade542c7fc1783ec8feb00,pro,v2,2026-09-21T17:52:42.5492499+08:00,unused,,,
047,b47f3395a0141030e337aca81b438936535b0c9f31112ace99c83e315099c073,pro,v2,2026-09-21T17:52:42.5492499+08:00,unused,,,
048,76e6480a99b8ad34cd4ec3d0af1eed3529bd2ab412167012d6ffac386f1f14c6,pro,v2,2026-09-21T17:52:42.5492499+08:00,unused,,,
049,057444d033006392e65b4b22794d1ecf7a1ac20f855d7787f95d281fdaa784df,pro,v2,2026-09-21T17:52:42.5492499+08:00,unused,,,
050,e685a5a7d767e6a54f305ba2ea1d2098a42648be2c5849eef8c774f008573334,pro,v2,2026-09-21T17:52:42.5492499+08:00,unused,,,
051,2e7342979f332a48e9ae724eb4d893c2d322ad0b141fd135ff44113dbf2ca601,pro,v2,2026-09-21T17:52:42.5492499+08:00,unused,,,
052,de02a4f13193880d6303803c7fbc5276c31f1dbb8f9335a18b41e99d663887c5,pro,v2,2026-09-21T17:52:42.5492499+08:00,unused,,,
053,5e04166b16e569d811202ac209054cd9a7b84e159fe21e064db3701ce8209d67,pro,v2,2026-09-21T17:52:42.5492499+08:00,unused,,,
054,07fc7ff2bcd5d9e48c9c42bf6ee48a6bd7c0155f890cb9c83fa8dd730093cbfa,pro,v2,2026-09-21T17:52:42.5492499+08:00,unused,,,
055,609689a6dc77c356f9146e87e8d8a2b97901ec425930707ae2bd27aefb4e0ca7,pro,v2,2026-09-21T17:52:42.5492499+08:00,unused,,,
056,381e50ac30ffd9d32bdcc030eaa51cf1b7cece7552be0b8a916845ae50007a38,pro,v2,2026-09-21T17:52:42.5492499+08:00,unused,,,
057,ada2e5215e48da9800d0a87d858b12827ad720468bb22c4cf26d8baf647729df,pro,v2,2026-09-21T17:52:42.5492499+08:00,unused,,,
058,9c6d6ce782b4d392a1e8027b524b35d3ae445473201d868b2d4c303900ec876c,pro,v2,2026-09-21T17:52:42.5492499+08:00,unused,,,
059,e6cbe67dc51000f846f770a3a0946b03aa1467af527c3e9ac9c5bd12967ea670,pro,v2,2026-09-21T17:52:42.5492499+08:00,unused,,,
060,d696f59842b43b413f93f77002c6da4d6b6e90bed947ef98329a6d19b82ca3d7,pro,v2,2026-09-21T17:52:42.5492499+08:00,unused,,,
061,0e9a10e30b15e8b0c6753d33cd543537e4defa8463a5e82235ed05b73519e6af,pro,v2,2026-09-21T17:52:42.5492499+08:00,unused,,,
062,9a2c2b1ae2bb683026b9611a3e34fc742fe79bcbad8d043953412672e0c7cec7,pro,v2,2026-09-21T17:52:42.5492499+08:00,unused,,,
063,dcd51c6f548c401a0f14a39c8463f888c14a630bdefabd5a2217506be6de6024,pro,v2,2026-09-21T17:52:42.5492499+08:00,unused,,,
064,26abcfda02d7ff532fcb2b65c788ea5ea26655c797f2b1a1a67d121345631ed5,pro,v2,2026-09-21T17:52:42.5492499+08:00,unused,,,
065,20061c2c253de7d80e3435296869049dd52c717b3f7df0ae74c12cff654977ea,pro,v2,2026-09-21T17:52:42.5492499+08:00,unused,,,
066,caa18c14a061bc8ddcc63a2581651b34b4071c52c941a4786f15868dc4486daa,pro,v2,2026-09-21T17:52:42.5492499+08:00,unused,,,
067,7cfebf3612d4df1d99a8571d1397389d3de1ea5bbfb5448932e98b3a57336523,pro,v2,2026-09-21T17:52:42.5492499+08:00,unused,,,
068,e1685ebe842b0ffd30fa7b5e9597049b168355f5a70aab621f8da082623b5137,pro,v2,2026-09-21T17:52:42.5492499+08:00,unused,,,
069,fc094d8409e601ce44f0dcbae7a9b4e921410896f6ac0edc401f79a9ae0f92c3,pro,v2,2026-09-21T17:52:42.5492499+08:00,unused,,,
070,bd6537b21e8474d26779e1ff5167e141296e08f84a687ff52f1c2f1cf7c984d9,pro,v2,2026-09-21T17:52:42.5492499+08:00,unused,,,
071,047191f1d936a09b2d7b623ab7bb169bd24c47bc2c4a9679e3fea81f44851fa6,pro,v2,2026-09-21T17:52:42.5492499+08:00,unused,,,
072,a4566bdcdd024c2057ebbad9988a29ce557b2f82c9b523412643cfe32db5d529,pro,v2,2026-09-21T17:52:42.5492499+08:00,unused,,,
073,a35e3709165214308e650816721d095c39deeb19ed7feab91d8a426de33a9604,pro,v2,2026-09-21T17:52:42.5492499+08:00,unused,,,
074,bf783ee3381c2d88aeb3224ce3021cc5d34e765308b3ca3857f188bdf6a14724,pro,v2,2026-09-21T17:52:42.5492499+08:00,unused,,,
075,81c28910ca22bd79e783e1de7918b830a2b6c53bc4c2d69ef75c4ce50e9b8bac,pro,v2,2026-09-21T17:52:42.5492499+08:00,unused,,,
076,f2882c8e9e3c6896eebb50d8555b527ed6a8f82726910cf25c00a24b3abad431,pro,v2,2026-09-21T17:52:42.5492499+08:00,unused,,,
077,b8bc0b17e7e2b1f88d229c8c0d6b7b2e71e2eb71c9b654e42a02fa27d09e0585,pro,v2,2026-09-21T17:52:42.5492499+08:00,unused,,,
078,ac6b21e940bcb5fdafe2821770df0ebb6175ec9827a54c6425dd6a273f8fd039,pro,v2,2026-09-21T17:52:42.5492499+08:00,unused,,,
079,6886ddb3e16aa52b23faf2b3f14ee34efead9bc72bc6ea9b7b9ffb8b82dddd5f,pro,v2,2026-09-21T17:52:42.5492499+08:00,unused,,,
080,9d1a412fbbf6af9cba8e308bfe9371d7f33845c5576c16431a3839ad79db32a0,pro,v2,2026-09-21T17:52:42.5492499+08:00,unused,,,
081,caea93e6fabc1bb5ae9c904d82c179cf98ce19a6a99cfafb793fec4b620e394e,pro,v2,2026-09-21T17:52:42.5492499+08:00,unused,,,
082,1409687b7ec112dbf6c13048c10bd3d5d944355e27b35f64f4b9389e67a2d3b9,pro,v2,2026-09-21T17:52:42.5492499+08:00,unused,,,
083,d67dfe1a2b51b722281275c42da72c93fc6dab8241205293b5d30646350e2698,pro,v2,2026-09-21T17:52:42.5492499+08:00,unused,,,
084,7b4adba13773d6cee02e37fff94532e604f4979e0513b2da0cbd1689725f468a,pro,v2,2026-09-21T17:52:42.5492499+08:00,unused,,,
085,93f6de6d60850409f4db1b1d0b79fb8b4bdb6d411ab1b10978485a5f41c360e2,pro,v2,2026-09-21T17:52:42.5492499+08:00,unused,,,
086,cc44f619d410333a7807d4d438b43e1dcf91178adf4bb0eeb0a3eae2089af618,pro,v2,2026-09-21T17:52:42.5492499+08:00,unused,,,
087,91aea26852316063155efc4d0358a32ae17a98e9bd8c6bf4906c2f86ad573d0e,pro,v2,2026-09-21T17:52:42.5492499+08:00,unused,,,
088,06d73fc244e250c27712aa16b7f2459d8a2288f4811943a6ee321412cff2fad9,pro,v2,2026-09-21T17:52:42.5492499+08:00,unused,,,
089,b2828db66c54ddb3d6437780978b1c76390b08a27ffb5cce5952a6f81771f4a1,pro,v2,2026-09-21T17:52:42.5492499+08:00,unused,,,
090,88a6f71342ca46fa8d7336f98bc2c3ce99b4d29c2a760664f1d291949d6d9c46,pro,v2,2026-09-21T17:52:42.5492499+08:00,unused,,,
091,4a8edfa22316d0a84cc4db452ef37d7b25be70a8e558aa99762a62f1838a422e,pro,v2,2026-09-21T17:52:42.5492499+08:00,unused,,,
092,a479765a692236b0953ff0b51df933b732c5b1069328bf27bb0f4d3015697221,pro,v2,2026-09-21T17:52:42.5492499+08:00,unused,,,
093,f4687609caa5cfcb297de459906038d0a56b4e5fdf12d2bc7b4e8dc0fc3455b0,pro,v2,2026-09-21T17:52:42.5492499+08:00,unused,,,
094,1e366dc16844a27ecf41d5e127cadc6b6977f2d9f9926c0d947b9cb59cb41c38,pro,v2,2026-09-21T17:52:42.5492499+08:00,unused,,,
095,2e55b7ddcecc8a2f99f4e3d34127fa31c20202aed844fbcd4a6888fe871773c3,pro,v2,2026-09-21T17:52:42.5492499+08:00,unused,,,
096,15a24c187a9bf033957651b6688a9e35258fec0e8139cd269051d9b6a0f6571e,pro,v2,2026-09-21T17:52:42.5492499+08:00,unused,,,
097,96cad7b03a3f1e2f58e854e7472078bc918fe16efd68070adbfd43b3be0972d7,pro,v2,2026-09-21T17:52:42.5492499+08:00,unused,,,
098,5fafaf0b4dc0e916612fce7f08ecfab78d7f28c33e48c667b6d6521841fbd34e,pro,v2,2026-09-21T17:52:42.5492499+08:00,unused,,,
099,d6d82ac681b259434ce48798f60568c99a62ec0e9478b672905005569e4a8e47,pro,v2,2026-09-21T17:52:42.5492499+08:00,unused,,,
100,068cd76db584f6ad60877fab512476d5b1214ded325ebdf46b9bcdd02d590d58,pro,v2,2026-09-21T17:52:42.5492499+08:00,unused,,,
101,63c4d77202323c77c1a972a893d48b461cf85d3b9e4ba80d424e887c3a2cbc8a,pro,v2,2026-09-21T17:52:42.5492499+08:00,unused,,,
102,bc30d8fe55820b9718b9a556f8b0b63cd47f2c47bf14aba05615b62bf8db5bdb,pro,v2,2026-09-21T17:52:42.5492499+08:00,unused,,,
103,4a069c57748ff89ce285ab5b2d6eed4262885835df82cc4481b9c5b8313bc7e5,pro,v2,2026-09-21T17:52:42.5492499+08:00,unused,,,
104,989cc2ebfd550e55057fa16dd9a763f6749581df4605a2c93218873e35ff68e8,pro,v2,2026-09-21T17:52:42.5492499+08:00,unused,,,
105,87d0e156dd3023c68d8450deed98d46401f940837486d0a1b3bdefab0d9f6459,pro,v2,2026-09-21T17:52:42.5492499+08:00,unused,,,
106,bff4d0292d3e03c3b397ab0bcbf7cf86f9c05a668280fdbbe8345fb11b5453fb,pro,v2,2026-09-21T17:52:42.5492499+08:00,unused,,,
107,4cdbe235b456912780e23dd68fc1a8a3f649c61282039ca9584e9661567fb8a3,pro,v2,2026-09-21T17:52:42.5492499+08:00,unused,,,
108,6869f03fa7a1e03127ff64e3cecf060fc3e7d302f59f409525ac7063490caadf,pro,v2,2026-09-21T17:52:42.5492499+08:00,unused,,,
109,479fbc194471282b9570f8895048e380686c8225c870837ff1691a2a22a5a222,pro,v2,2026-09-21T17:52:42.5492499+08:00,unused,,,
110,332ae4a2ce14b433f68513f6304b1ba4b28a81807e5fbcc8ddf1caa4ee254388,pro,v2,2026-09-21T17:52:42.5492499+08:00,unused,,,
111,41f579839a00b6cf681e028e09b543fdc24d64e9a7554e4f6ffeb2438ae1538a,pro,v2,2026-09-21T17:52:42.5492499+08:00,unused,,,
112,cad2a3c232d9da07e06b335ad71014c3e464eb6b3b383fca66e38af0b8b12302,pro,v2,2026-09-21T17:52:42.5492499+08:00,unused,,,
113,53bc623621ca037850174cf2b37394f2f89bc7a80cced15e7ee89f632b972dcb,pro,v2,2026-09-21T17:52:42.5492499+08:00,unused,,,
114,3e4b63f2db7449246e64ba6b2b97882d79df1aff173dd12674331a1636052c2e,pro,v2,2026-09-21T17:52:42.5492499+08:00,unused,,,
115,298fcd2546af81cdccfa7e77bd13a32156edfcfc544030b7bdb43fd104adec41,pro,v2,2026-09-21T17:52:42.5492499+08:00,unused,,,
116,9242366f6be3e5e5e7dda2dea14756881e023076d1373219cd287fa9580d5562,pro,v2,2026-09-21T17:52:42.5492499+08:00,unused,,,
117,2e0e7229b215197b1ff1fae97688425a0e50835def75bfe1703ac28ac1c62a1b,pro,v2,2026-09-21T17:52:42.5492499+08:00,unused,,,
118,5feb4ade18c759a2ea9560ff30ca7cc5d4f5ca1b409ccc497dcfe36818b93693,pro,v2,2026-09-21T17:52:42.5492499+08:00,unused,,,
119,e6ef2eb7cccc074b5083b6eef070405bad74283948d0ac27c0e74335c6a05004,pro,v2,2026-09-21T17:52:42.5492499+08:00,unused,,,
120,a33c1084a66a649bee20ba161921a66475bf9029ac64499c9d805bd0acedfce8,pro,v2,2026-09-21T17:52:42.5492499+08:00,unused,,,
121,a3ff492ca7fd10fd5ba5a5a67f705306c8f9646d27f9d85467b54531ddd9ba81,pro,v2,2026-09-21T17:52:42.5492499+08:00,unused,,,
122,7a4649c29167063587ffe778290bac718d8d4c3b3c4a5559df3bc524645db68c,pro,v2,2026-09-21T17:52:42.5492499+08:00,unused,,,
123,7e0009d531888ab568721b83f123a977de37342626b6218929f709e5d56a6dce,pro,v2,2026-09-21T17:52:42.5492499+08:00,unused,,,
124,980e2b07c055e37f05120daa2db8fe93799cd4a83405abd156a9bdd46892bdaf,pro,v2,2026-09-21T17:52:42.5492499+08:00,unused,,,
125,32c65f59c1dcf073a87641639d9e4b26735302c3276576ae592dcebd6bf0bf17,pro,v2,2026-09-21T17:52:42.5492499+08:00,unused,,,
126,b0b9eb9abcf92c3354b3d1fb322eb5c3fb78e7c2e3b40cfa46b387c093353925,pro,v2,2026-09-21T17:52:42.5492499+08:00,unused,,,
127,cfa95204e64051b1873a3f0af0c749c9b77cdb0bbe0bafbc00b1fc24be1e9fe5,pro,v2,2026-09-21T17:52:42.5492499+08:00,unused,,,
128,bc3eaa3f61a0cfe7f82491eba6e947cb48085e2e12cef2a69d671a212f1aebfe,pro,v2,2026-09-21T17:52:42.5492499+08:00,unused,,,
129,f09292eb32bd78164247fee8e76434e25dcfd5ea7248456b57f7b5e519d9ebab,pro,v2,2026-09-21T17:52:42.5492499+08:00,unused,,,
130,9d9096a8b164a6a429a0b17fb10c07ab46b3abb94b1522624010a537ef6783c1,pro,v2,2026-09-21T17:52:42.5492499+08:00,unused,,,
131,d887698fbf10544359cee67561176e635c5f54211f606fb5f1ab31e732b16013,pro,v2,2026-09-21T17:52:42.5492499+08:00,unused,,,
132,9dce16f16e487a2b75c90a76db1a188ed79298b0cd6d9c7763c2b3163d0486be,pro,v2,2026-09-21T17:52:42.5492499+08:00,unused,,,
133,6875582d8a21d4e97d9dcd6887a584738f5668a43c52271c10741c1dcf13008c,pro,v2,2026-09-21T17:52:42.5492499+08:00,unused,,,
134,e8c923deabd593ba71b85b253d70b7f8541bbc616727d2c2e76fd6cc29fdbc7d,pro,v2,2026-09-21T17:52:42.5492499+08:00,unused,,,
135,c3ff7646af10a882d14449affda6505254fda9c76a17e46c38f58227f3d60607,pro,v2,2026-09-21T17:52:42.5492499+08:00,unused,,,
136,55aa1f5f6bf089867e19ffbc4665c0b1a52e2c0b94fbc36e61a598d41cf548be,pro,v2,2026-09-21T17:52:42.5492499+08:00,unused,,,
137,5f0c13cdd71e40a35908bdbdc9fc7f51fc91adcd012f12d8ddf2c941c16a8a25,pro,v2,2026-09-21T17:52:42.5492499+08:00,unused,,,
138,5f17bff374364c0a361e63fbe58db75d76a5ebc7c6e961f665b534ccc3675f87,pro,v2,2026-09-21T17:52:42.5492499+08:00,unused,,,
139,55a925f4b348affac75fdc150016d892ccf8ad3fdded254dfd81aa4abbb72c3c,pro,v2,2026-09-21T17:52:42.5492499+08:00,unused,,,
140,142e614438683a2950c19268142db364eb13bece105f7793e049a77b7a02a057,pro,v2,2026-09-21T17:52:42.5492499+08:00,unused,,,
141,43a89ee79c79bf23bade06e47aafced1ddda1cf4dfb4c5c7b97cdcaeef0ee83e,pro,v2,2026-09-21T17:52:42.5492499+08:00,unused,,,
142,00d42ebb5735a30634266080574f29dafa980a90ffd572e9ff6309ab01f3ae62,pro,v2,2026-09-21T17:52:42.5492499+08:00,unused,,,
143,a64df0a4850823d5144e4da280a46e3f584651e00050fb18952e5e7e7c11dffd,pro,v2,2026-09-21T17:52:42.5492499+08:00,unused,,,
144,7004d85beb181a0cf47b80062d3685a46658e1c5602b6169d1ad2864c1d4f172,pro,v2,2026-09-21T17:52:42.5492499+08:00,unused,,,
145,2ab07e782bee268e21384646845ad15bc24af23b422908081abff15d1f6ff05c,pro,v2,2026-09-21T17:52:42.5492499+08:00,unused,,,
146,45c67a2f64ab7ad04c9d79fd74dab5e890fc888e4390c303a5cb95fa0ac180f2,pro,v2,2026-09-21T17:52:42.5492499+08:00,unused,,,
147,b4db04d4ded50ff852ddfddb477e142374b3f59d9ad4b886c792f2d3f852339c,pro,v2,2026-09-21T17:52:42.5492499+08:00,unused,,,
148,770e64e8dd8288bfae245d9b31915ad823dd231daeac50fa1501f39ed5697983,pro,v2,2026-09-21T17:52:42.5492499+08:00,unused,,,
149,9c11a7bae42ba94e7894d2f93b18ce33c45a71cdd45587e827053162a6baa384,pro,v2,2026-09-21T17:52:42.5492499+08:00,unused,,,
150,1a95ba4e93e98ef70f7ddc338a6f55565f54449110a34d41c7555eafe07f2d2f,pro,v2,2026-09-21T17:52:42.5492499+08:00,unused,,,
151,13d8f3ad2ab65c18e091d960472572f09f50dfd2f819193e7d68dc5d45b2a0d7,pro,v2,2026-09-21T17:52:42.5492499+08:00,unused,,,
152,9140e6f49cee4075222efff3799fae7ecc96f2f53c84d554d0c85bf352ab44d3,pro,v2,2026-09-21T17:52:42.5492499+08:00,unused,,,
153,d6c8dc29d3b955e89e9c692558bcbc4b7630a1731ed49e7a038b3bc7175fd606,pro,v2,2026-09-21T17:52:42.5492499+08:00,unused,,,
154,d509de6a686699f2126b9310b56d79194c1a50e6171d635c46f1281dbce4eb3d,pro,v2,2026-09-21T17:52:42.5492499+08:00,unused,,,
155,48763d883b5cf47ffd6ca9354d0575a3ff1ff2e3d6f621688e1d9da637270054,pro,v2,2026-09-21T17:52:42.5492499+08:00,unused,,,
156,82352833b1b82c1da0d9a63d8dd7be49073fb1fe5abf09d484ff92b3331e2d86,pro,v2,2026-09-21T17:52:42.5492499+08:00,unused,,,
157,9162fd9a8c7f37607daba893ad317670ea78703bcf8cf4186f23081a585c0f0b,pro,v2,2026-09-21T17:52:42.5492499+08:00,unused,,,
158,89663324ee9a7f098ab268a0c280cbaa192d770948b599d50fd913a8ba7968ce,pro,v2,2026-09-21T17:52:42.5492499+08:00,unused,,,
159,fa43f6630803b997e0c21dfa2baa4728454b3754f14d7ef8756ede84e984cd71,pro,v2,2026-09-21T17:52:42.5492499+08:00,unused,,,
160,5dda078f48aac611ef3b641c8a69488658988d0f207b35cda3998c449a26afbd,pro,v2,2026-09-21T17:52:42.5492499+08:00,unused,,,
161,7b7d17907dc9c25c0dba8432118bf1bfaff371edbde8aeb668bbe0192873997a,pro,v2,2026-09-21T17:52:42.5492499+08:00,unused,,,
162,fc2740765b340cec66652f8618eec596d82ce71b021695c767f42ee74ff64e12,pro,v2,2026-09-21T17:52:42.5492499+08:00,unused,,,
163,e05bcf58596bfccafc89cb3b8a9841689435dc390fd50937ef8de27d4c89a374,pro,v2,2026-09-21T17:52:42.5492499+08:00,unused,,,
164,71b1bab9ec97ef4ecf89fba1df8c524b285f496af5461f97d704246515fc8f84,pro,v2,2026-09-21T17:52:42.5492499+08:00,unused,,,
165,40213f9833d3af5af7689320acb0570e765df7e8d1a3aebfcf97d0c134bc95dd,pro,v2,2026-09-21T17:52:42.5492499+08:00,unused,,,
166,e4b356439f9adedf60654307037fef1dd103c25af9c00d88b5cef338e2fbeaf2,pro,v2,2026-09-21T17:52:42.5492499+08:00,unused,,,
167,09aaf4695c06dd29f65c71c8e3789f1ca6fe2900eae1d14ee29a378ff37b1875,pro,v2,2026-09-21T17:52:42.5492499+08:00,unused,,,
168,8fca62f93e69d684d3ed1f350674601bd0eddf3269d92b27195c718ebabe8e89,pro,v2,2026-09-21T17:52:42.5492499+08:00,unused,,,
169,ee243bce1318d2c130dbdc3a759ecbf624625306446999dae5b928f81e252638,pro,v2,2026-09-21T17:52:42.5492499+08:00,unused,,,
170,c0b1ce717322007e3d20a1f33af9c5a4681ecf3786008d55ebf67f51c5cde2c2,pro,v2,2026-09-21T17:52:42.5492499+08:00,unused,,,
171,dfeda5909a1bc523f2b4b743955ebd91fbc0c2a3d75ebd996091492ca131d721,pro,v2,2026-09-21T17:52:42.5492499+08:00,unused,,,
172,c02c8c14e2c880b5e3141c0d90a42f4d68744d3b09beb1872c9fcaf95fc176f1,pro,v2,2026-09-21T17:52:42.5492499+08:00,unused,,,
173,6c7753de53dae82c57b5286897c8cc2c8ed579ec750143ef4c97dced53c7c5ab,pro,v2,2026-09-21T17:52:42.5492499+08:00,unused,,,
174,f3d2dc8a8e4d5b7f016980c4bb60fa6a2da6f9370ae4090fdf31f2839e730ad8,pro,v2,2026-09-21T17:52:42.5492499+08:00,unused,,,
175,69885d7bbc6d4436b246bc0d77a8a97fb8c8b8421a8edfdc81b1b6cddd070ac3,pro,v2,2026-09-21T17:52:42.5492499+08:00,unused,,,
176,0b32e13c3b9f53f3fd12dade2146dbba0ceeac624ca065bcc49ca48395449a04,pro,v2,2026-09-21T17:52:42.5492499+08:00,unused,,,
177,8cc6baf8b0a45b48274e0958d4840178a4df0ba54668e84b3fe9ca36d5b1a17a,pro,v2,2026-09-21T17:52:42.5492499+08:00,unused,,,
178,db709ec5d40cae1e693a9f7e364b0535510da750894b6b21f46a9a658f23bdcb,pro,v2,2026-09-21T17:52:42.5492499+08:00,unused,,,
179,6ef36b9139b2bfce7a71334e46e4b20b7e58b0086887d00811c9f352dfb1433e,pro,v2,2026-09-21T17:52:42.5492499+08:00,unused,,,
180,edfb2908c35e1631ec733965eda166422ce25f86465953b76d26790f1bb02fae,pro,v2,2026-09-21T17:52:42.5492499+08:00,unused,,,
181,c96df3f9fa66388d82c6245fd626372ad5662b7a82056d281fdaa4415499531e,pro,v2,2026-09-21T17:52:42.5492499+08:00,unused,,,
182,48ab9599dcba367bb35904e5381b2371fe5296ad8ed4dc29b061d510ebed68f6,pro,v2,2026-09-21T17:52:42.5492499+08:00,unused,,,
183,000b8ab910e65a278b9eeb17c0af8f01f8a908c659d2bbaa77df4074c7a2a848,pro,v2,2026-09-21T17:52:42.5492499+08:00,unused,,,
184,a881a63a5a72108baac37ef5b7fc6d2dd53631f9f9bfa439243143f6a5724a58,pro,v2,2026-09-21T17:52:42.5492499+08:00,unused,,,
185,ec28ff2ce6fb4428f72b272f2fa266fd3c8ef85445938b18cfb2c4fff10b6281,pro,v2,2026-09-21T17:52:42.5492499+08:00,unused,,,
186,7446e2eee09a6c7a50da20a818bcb50abdb57b40c6fea171ddd468367f103d15,pro,v2,2026-09-21T17:52:42.5492499+08:00,unused,,,
187,007dd4a97b1672f7ed0fe0c7c519c362b0cde5c7192ecd3b7d5e8a23a4f32e09,pro,v2,2026-09-21T17:52:42.5492499+08:00,unused,,,
188,9db76ced9fbf9aa6c026322ecb04029f3bdf2e7e1ea513f7b049399ca86f7a87,pro,v2,2026-09-21T17:52:42.5492499+08:00,unused,,,
189,d6bf5fec41115d079c8b1529b51815481ffd4b783e7b7ea53fb9b4418e93f056,pro,v2,2026-09-21T17:52:42.5492499+08:00,unused,,,
190,a06715bd6afb7cdf8e8e6453903610bf1b0df600cec2c1dbc9052886278a72e7,pro,v2,2026-09-21T17:52:42.5492499+08:00,unused,,,
191,4723a7b2bd289034ef35f2339cf67d2a89023da1e7db26d59d12780fbe34ce49,pro,v2,2026-09-21T17:52:42.5492499+08:00,unused,,,
192,a7455829481cc40eaa58726385203869b86b3502516136f276d8c9d4a7f81934,pro,v2,2026-09-21T17:52:42.5492499+08:00,unused,,,
193,57808cf1dc4af5fe53a2f2e1d4dc2bbca39bcaa7664ec762cd7d313152846196,pro,v2,2026-09-21T17:52:42.5492499+08:00,unused,,,
194,ee2282b34b810c4a4c2667960c3e5129f958d8da977ede7a7c1782ccd7c3bd46,pro,v2,2026-09-21T17:52:42.5492499+08:00,unused,,,
195,5b8c5903200fb79fee01176d9445ea6716d33751181fed6186af0cd2653f94d0,pro,v2,2026-09-21T17:52:42.5492499+08:00,unused,,,
196,58eaa2a260617bab129b4f5544301a4fa4e8894e0e69e99a45d5455f1f603691,pro,v2,2026-09-21T17:52:42.5492499+08:00,unused,,,
197,1a0bff79a31c546c7a7f6c0debef17d7bafdbb4fd1ca19b51db6e8e8a782a581,pro,v2,2026-09-21T17:52:42.5492499+08:00,unused,,,
198,267a778728492bea29314904c78b7dcb15bbf6462a454565732bd4e73d4883c1,pro,v2,2026-09-21T17:52:42.5492499+08:00,unused,,,
199,6d3d4cbca9b28a838272afb143362005136bb81363ff3a0051669d60df358b7a,pro,v2,2026-09-21T17:52:42.5492499+08:00,unused,,,
200,9cc8cd493843818cf2e385710f4079a0455d12a5440e5675a2638617b970e503,pro,v2,2026-09-21T17:52:42.5492499+08:00,unused,,,
201,21aa2f62e432bdfbbe24eed9c2ed7dd325a0aa67786a1b32c23ef184ad597edd,pro,v2,2026-09-21T17:52:42.5492499+08:00,unused,,,
202,58fce258dad266cc0a599aa24933e8c0551b85c6e9c679fd29469e80df28c312,pro,v2,2026-09-21T17:52:42.5492499+08:00,unused,,,
203,174b2bfcdd7f08bf8eb0597df929ddaa8b40ec72bb99ba612f7b5eaf332f457a,pro,v2,2026-09-21T17:52:42.5492499+08:00,unused,,,
204,35ca905d169987bc9af0a5ff417c1bc918c1f28bb0f3208e50535adf5a660ef2,pro,v2,2026-09-21T17:52:42.5492499+08:00,unused,,,
205,f81d26fd5dc30bbd8b882ba2abd3dc83985fff2c7ae385830a815b7e1e470cbc,pro,v2,2026-09-21T17:52:42.5492499+08:00,unused,,,
206,b4d26037fd593501082a95dadfd7ee5bf81791c72aaed255193a080d42654bd3,pro,v2,2026-09-21T17:52:42.5492499+08:00,unused,,,
207,bd141922ef5639b1db9c1cc4114ab29232a8bea08f1a79e04077646bf1be427e,pro,v2,2026-09-21T17:52:42.5492499+08:00,unused,,,
208,0797133861f9d465af69d4dcf1f9e0b3e5f678f1cb4e663753cacb2181ebb681,pro,v2,2026-09-21T17:52:42.5492499+08:00,unused,,,
209,64d463c6009657c7198fd1f61c2b2b1b9057d545e5860ba35af4038b1ed61985,pro,v2,2026-09-21T17:52:42.5492499+08:00,unused,,,
210,c0acc1d1268d38fd2b676d581d58b4c83e2459fd0f45db9e9a1fefd7311db258,pro,v2,2026-09-21T17:52:42.5492499+08:00,unused,,,
211,3b85b7df4cbce24918f240b180e6537c56b9c5c39917009473849a99be439c84,pro,v2,2026-09-21T17:52:42.5492499+08:00,unused,,,
212,8860766e3c11a2fdfd5b4aab3f178972df7577a9ce8be7e15d6722286df64efe,pro,v2,2026-09-21T17:52:42.5492499+08:00,unused,,,
213,744128a798f5ef5b076266474ae07359119c7078d5d742459cf8e1c13d00fdc5,pro,v2,2026-09-21T17:52:42.5492499+08:00,unused,,,
214,008a2fec79a2636d1d18954ecba14a3d352fc114a768a0e2db25e5bc60cb9914,pro,v2,2026-09-21T17:52:42.5492499+08:00,unused,,,
215,91e3cf5bb40a55dd27eded996c1ae9a1fd07e291fbceb476fa170e9115a4e81a,pro,v2,2026-09-21T17:52:42.5492499+08:00,unused,,,
216,196cec2b9ff6d9b1b8f984807958be06ef7659c8da70e6fa6e4612768beddecc,pro,v2,2026-09-21T17:52:42.5492499+08:00,unused,,,
217,37b9483fe4653fb8c71db7a48f5518dcb8185128ab46abc9760ae9eedc4ac159,pro,v2,2026-09-21T17:52:42.5492499+08:00,unused,,,
218,f81e77e679e8630fa86077ae38622bc4adfdb4d717d069946c4fb30024d18ea7,pro,v2,2026-09-21T17:52:42.5492499+08:00,unused,,,
219,12f9b5684747ff687290ac473274938af385b6a15ecb26dd13ceaadefea70d35,pro,v2,2026-09-21T17:52:42.5492499+08:00,unused,,,
220,8a3d6f757f8ecce632d5b9d79ddddb801d4c36cde4c24ddc2dafe09dcb206730,pro,v2,2026-09-21T17:52:42.5492499+08:00,unused,,,
221,82b618d5fbddcd1bbfd01c1c9f9b56f0bacdb878bb645bb84949984c0ee8112a,pro,v2,2026-09-21T17:52:42.5492499+08:00,unused,,,
222,b3272bc12aad21c10a8b97798bf3bfcd10b81292ff24069f635f17e7302abead,pro,v2,2026-09-21T17:52:42.5492499+08:00,unused,,,
223,7c8b97bb49c0bc0d36a05ff4331fc2c2492d0485909462bba6e6c43a2a301437,pro,v2,2026-09-21T17:52:42.5492499+08:00,unused,,,
224,71862edd8fcf6edcb59216a5b27ecfe2a6825d42b7bc3acdce9efa8452dcf2ad,pro,v2,2026-09-21T17:52:42.5492499+08:00,unused,,,
225,acceeaa4dc9450607a0d612bbfa4049f18ba7095094f83a92a2c469f6ff730cb,pro,v2,2026-09-21T17:52:42.5492499+08:00,unused,,,
226,72b5886e93843219113b7b93bbca1a501547e6153609204ffdf199e08687d859,pro,v2,2026-09-21T17:52:42.5492499+08:00,unused,,,
227,19afde34bd7bf057e370300a5aa32a14f7a2490f1c70592097db2cde7f52784d,pro,v2,2026-09-21T17:52:42.5492499+08:00,unused,,,
228,d989973e7fdb0af0d6d7ff151f4a511c40100c01500c9520a5ed1f21ba2163fa,pro,v2,2026-09-21T17:52:42.5492499+08:00,unused,,,
229,53a6671de2dc85b38a2bb8d3fa85de21c11afd6d2b2a5b88e34fed2efbf4e4b5,pro,v2,2026-09-21T17:52:42.5492499+08:00,unused,,,
230,be243cf0bbaef32175a75a4089872447435cbaf376f66bee709e40d83f34067e,pro,v2,2026-09-21T17:52:42.5492499+08:00,unused,,,
231,35b485551778d538c989e76212f7cd849ad51c9db7ec72cb128c624e89ef8c54,pro,v2,2026-09-21T17:52:42.5492499+08:00,unused,,,
232,2fce0ca5bc886a6d64f7def7c401bcc449367e0294270c8be3c80d15f233393e,pro,v2,2026-09-21T17:52:42.5492499+08:00,unused,,,
233,a2bc3b0bf5aa985009105464f5af0afc05ffb54fdbb768393900ffd4abacb774,pro,v2,2026-09-21T17:52:42.5492499+08:00,unused,,,
234,f031ef83aa3c44279a53dc10c0758166189b267437baf5302d218fc09ab3e332,pro,v2,2026-09-21T17:52:42.5492499+08:00,unused,,,
235,3f10b258719ea551560476873a54e3c321bbc23f877c85ba686ab284b2f6417d,pro,v2,2026-09-21T17:52:42.5492499+08:00,unused,,,
236,433b5c2a08981a569b90ce6eec3f06acc6fd502319d8be7ecdfefa5e01e29fd6,pro,v2,2026-09-21T17:52:42.5492499+08:00,unused,,,
237,b95098d72ebb9f63049d9ba0b5f1e29e316dde60a254489d9ae52ffeb7ecc8ea,pro,v2,2026-09-21T17:52:42.5492499+08:00,unused,,,
238,c79a77fa5d21016ea928a532d92973568dd8b5f74a908e823ad36f6111ce30eb,pro,v2,2026-09-21T17:52:42.5492499+08:00,unused,,,
239,224d3103834a0f1557661207610473d423298f08485c10deb73f878b0334c86f,pro,v2,2026-09-21T17:52:42.5492499+08:00,unused,,,
240,7ed4b43cb331cfd9153aa545224900ee84ba507a2f1ccb3f0a8109a9790c238d,pro,v2,2026-09-21T17:52:42.5492499+08:00,unused,,,
241,500840659c4489131dc74a4bfc29dba00151cd07c6985b3ab388a0fe4710c0cb,pro,v2,2026-09-21T17:52:42.5492499+08:00,unused,,,
242,2e4fd3898c2b4acab146e2b543e2e3d7346702e5670be6a1b34c4aa50cbc1ff8,pro,v2,2026-09-21T17:52:42.5492499+08:00,unused,,,
243,ff14858fa0d49484d5b9a5ef1c0a656c674ca56d977b0b44b429326c1db31ba0,pro,v2,2026-09-21T17:52:42.5492499+08:00,unused,,,
244,837903b9d30252df01db407a269cb04bac41d5ad8a1c315337a282d324bffabb,pro,v2,2026-09-21T17:52:42.5492499+08:00,unused,,,
245,c1166a6886f008d4c3456b112d53aca366ded2c6e568062cd8261792601a9e3e,pro,v2,2026-09-21T17:52:42.5492499+08:00,unused,,,
246,18f8b3add557663c4f0732744dd3a9bf70c4261033781ea1674a47d23c0dcb2f,pro,v2,2026-09-21T17:52:42.5492499+08:00,unused,,,
247,4977d60f8054a7a9528725f1293db16f1ec4fba0f9a86af6fc05c3d4bb73c16e,pro,v2,2026-09-21T17:52:42.5492499+08:00,unused,,,
248,d3383e316215592b231b9438e2cde506566a9e21b829a4ffbd934529f945aeba,pro,v2,2026-09-21T17:52:42.5492499+08:00,unused,,,
249,fbe733ddda8823ec05826f1589580d1fce99b4682459e04d9faf5056dde3e463,pro,v2,2026-09-21T17:52:42.5492499+08:00,unused,,,
250,bac9fed155c9159be9b959817addf2a294135a73c889646c4e89a399e5dddcfe,pro,v2,2026-09-21T17:52:42.5492499+08:00,unused,,,
251,caaebda87d35152b6468d9f2d2a9dd940f982e0f5538468d09648191feffd532,pro,v2,2026-09-21T17:52:42.5492499+08:00,unused,,,
252,97275a6c550e12996c5035c7b18da51e2a0639d2f0dbf67e9813de3829f5a02f,pro,v2,2026-09-21T17:52:42.5492499+08:00,unused,,,
253,a691f59a40ce08d959cdcf16276f2b0869bd9efa66139ae1a88a360773682a01,pro,v2,2026-09-21T17:52:42.5492499+08:00,unused,,,
254,9a6af2a21bcce87c259082f87a6cd97773533d9093eac198ef9c338a88b3e1e0,pro,v2,2026-09-21T17:52:42.5492499+08:00,unused,,,
255,07b43b2b48a35b73ab60a01907e0d99cbd5e1c88a5a6e43dc6d0fd663388d73a,pro,v2,2026-09-21T17:52:42.5492499+08:00,unused,,,
256,22656461c4f8eb8cf66b293c266b9dd7c7fa69d9afd3d65727eb75f36e484d24,pro,v2,2026-09-21T17:52:42.5492499+08:00,unused,,,
257,48894970af038397ab4ccfc21d9b22b399a50e546359b20c97204bd7912c1ddc,pro,v2,2026-09-21T17:52:42.5492499+08:00,unused,,,
258,a991b4ff5336d32fc9bccf2f913675dd43d32bb1f2dffe4970e5e715e902037f,pro,v2,2026-09-21T17:52:42.5492499+08:00,unused,,,
259,6ebba80b1961a335067762621391361c0a656593bcb8428d01578ae13372bcad,pro,v2,2026-09-21T17:52:42.5492499+08:00,unused,,,
260,b6eeeccc53ae80d9ef62472b98acd976bfd081643e8c4f0e1b2c9f11cce1b763,pro,v2,2026-09-21T17:52:42.5492499+08:00,unused,,,
261,bef0e1cbf4ac5785e0a6c9d824b8d8b2983696ab33cc369a05d98c54aa61a0ac,pro,v2,2026-09-21T17:52:42.5492499+08:00,unused,,,
262,79498de2cbdc4c17e5411d3d5ed2aca6fe16b0e584f9b32aa91fea65fc8a10f3,pro,v2,2026-09-21T17:52:42.5492499+08:00,unused,,,
263,b66b2aa35179905d3c8f5bd2675d79932abc5f1b078e4d273927be47de26d962,pro,v2,2026-09-21T17:52:42.5492499+08:00,unused,,,
264,5965fcbe0a92aa33c4830c8a948a5c81393d9ec5533a6a53cff7891b72f9fd53,pro,v2,2026-09-21T17:52:42.5492499+08:00,unused,,,
265,97cc854dd5257c281876e57c175af5c0a4369d1fdda1bc7272810c5aba05541b,pro,v2,2026-09-21T17:52:42.5492499+08:00,unused,,,
266,d49d119f21786e2138f50f115f1a154e3a4bc9a9fc514236c86fa85e434230a2,pro,v2,2026-09-21T17:52:42.5492499+08:00,unused,,,
267,e55ff42dbd494b022d31cfd705a878c349d853542a63bc4b591caf77371d5231,pro,v2,2026-09-21T17:52:42.5492499+08:00,unused,,,
268,b6a13a48dd80aee90616a20e1e0f063b09bca079d15dfebc82b1778db1f42961,pro,v2,2026-09-21T17:52:42.5492499+08:00,unused,,,
269,f0b9706ceb9e1d9c8cf75cace5ccb5cb29512c1151243e4ebe6a4e5ee12f9e6f,pro,v2,2026-09-21T17:52:42.5492499+08:00,unused,,,
270,6edf5a937f37fe93ffc11b447f9b1c6c8d56b511e49783b85d90a4d1b8acbb89,pro,v2,2026-09-21T17:52:42.5492499+08:00,unused,,,
271,605b96ba3165dbb2562f41313ef6898fd3f690474a95e18f54a09ce304ed48ed,pro,v2,2026-09-21T17:52:42.5492499+08:00,unused,,,
272,aa52909adc79cfa9ebc2e5834d482cea16144e9d133c090244e1d0cb8d9be945,pro,v2,2026-09-21T17:52:42.5492499+08:00,unused,,,
273,b18a2ecab0fccf5860878ad0c01d331c090459e6a96ad282dc40fe51d2c1ea8b,pro,v2,2026-09-21T17:52:42.5492499+08:00,unused,,,
274,be921abbe47c00446e17ca7e7e42ee7c2fae30454e83284c565f80066b4dec1c,pro,v2,2026-09-21T17:52:42.5492499+08:00,unused,,,
275,021d77e07bcce12d4345f581f5767aa1bfffdebac3ce52c60a20b664a23db7f1,pro,v2,2026-09-21T17:52:42.5492499+08:00,unused,,,
276,69a13a86ec51fc652e5d9165acdebd416d04a0f55c7a4e2b7f5524d4c53b944d,pro,v2,2026-09-21T17:52:42.5492499+08:00,unused,,,
277,4512ec9f29ff09e5e766ccf087e1cf6a78ed9454c55d174a2e7a72628d7a73f8,pro,v2,2026-09-21T17:52:42.5492499+08:00,unused,,,
278,e3b9be32fc7d30165a5c5c2ccadd5ea1b28d3af931e49fb442933e39ddffbbe1,pro,v2,2026-09-21T17:52:42.5492499+08:00,unused,,,
279,47f024b19e87f20989a7fd47d82b6f627fa7afd2b8c8ae5ed1b08d87d20dfba1,pro,v2,2026-09-21T17:52:42.5492499+08:00,unused,,,
280,095c9d534b9491ee0f48439d2f8a6516820cbd58ba6fa9c07069fa3be2b77f9f,pro,v2,2026-09-21T17:52:42.5492499+08:00,unused,,,
281,5091a45058d37851ecb12f74dc2f2e0b516f02ec130b704f4b99f5940fbefdb5,pro,v2,2026-09-21T17:52:42.5492499+08:00,unused,,,
282,c011db231d470484d5ad0ee3d770811c4a275136234817427ad471386352f95d,pro,v2,2026-09-21T17:52:42.5492499+08:00,unused,,,
283,aa1c3e33e6f967691bafb9bb9fa58b565f46fe6e9456388ed693c4303e812973,pro,v2,2026-09-21T17:52:42.5492499+08:00,unused,,,
284,d944593892205d11c2188a7d329af7fee487ee3dd5a9191724301ee37173c68d,pro,v2,2026-09-21T17:52:42.5492499+08:00,unused,,,
285,95effb6f503cba381c5bbe597d8fdea1b788f2e8ff07ddc57bebb9d6d013b965,pro,v2,2026-09-21T17:52:42.5492499+08:00,unused,,,
286,d30d9a21749cd5c9a07cd50c96fc0c056a2f85c85da74d60e347074bcfaa0655,pro,v2,2026-09-21T17:52:42.5492499+08:00,unused,,,
287,f528645fdeb10db50fb213aa9ed36e812d74781b25c38c2b364ea794cf36d5a2,pro,v2,2026-09-21T17:52:42.5492499+08:00,unused,,,
288,2e169c5fb253f309dbd79ff3a6a7bd77fc51bd3cba4d34369d7acbb2061e6d93,pro,v2,2026-09-21T17:52:42.5492499+08:00,unused,,,
289,ffb4a118b9edde6927922254030c5b595ed2dab37c35507fea6a450fa798f3a3,pro,v2,2026-09-21T17:52:42.5492499+08:00,unused,,,
290,2328fb3866872f5a25cf6301680c47d011bda97097fde14a115f5588b07cb6c4,pro,v2,2026-09-21T17:52:42.5492499+08:00,unused,,,
291,3e253e248782e1250bfd1878e84464aed4c93d7f2b38d25428786aaab6792515,pro,v2,2026-09-21T17:52:42.5492499+08:00,unused,,,
292,11e9a3cfc9b397535bfb8ef9d1488e8fb6404168915e1e623b567c40e922f8d7,pro,v2,2026-09-21T17:52:42.5492499+08:00,unused,,,
293,ced5d294c042f94606f8c212fab58d700ee70a63ae15f6385144dbfdcd79c8d5,pro,v2,2026-09-21T17:52:42.5492499+08:00,unused,,,
294,7086ea8a2b40a86ed74bdf91708ed1c2fa89539ac908eaa3e43b8e0b42e7accb,pro,v2,2026-09-21T17:52:42.5492499+08:00,unused,,,
295,d670da68c34d10a4285501bdf9d255074f69e5950023efc12b59943565572abf,pro,v2,2026-09-21T17:52:42.5492499+08:00,unused,,,
296,b34b643525dd3d795a2fb3a4da74b6053000ee3aa826e49156d25435f96a345c,pro,v2,2026-09-21T17:52:42.5492499+08:00,unused,,,
297,7fee6040e21f89c2d193f53a250d090db050f9cce57c9cfff4e100dfa903e5e2,pro,v2,2026-09-21T17:52:42.5492499+08:00,unused,,,
298,8e4ed366bb6404515d3b839464970489425711b5596210cab5678214cc1b0dce,pro,v2,2026-09-21T17:52:42.5492499+08:00,unused,,,
299,b3b695e4057d116188c7ea2c3a53cd8bdd47e679ea07e2c1988f30c283310ade,pro,v2,2026-09-21T17:52:42.5492499+08:00,unused,,,
300,feded54625fbab8ceca315e8395bf2067214bec318e6fca38deefbe11cca3b94,pro,v2,2026-09-21T17:52:42.5492499+08:00,unused,,,
301,7844ea9cd82965a36d873582b07025de22dfc12d4dfd6eef5e4f57f932a82af5,pro,v2,2026-09-21T17:52:42.5492499+08:00,unused,,,
302,4cc9812ad28a0ade681785e68d5feffa4d6712c870c0bcbda58ecc78969bc638,pro,v2,2026-09-21T17:52:42.5492499+08:00,unused,,,
303,29b62d6299a7702f12867f1d77d1ee2bd801d765f947ef9078a2e5c3b070a885,pro,v2,2026-09-21T17:52:42.5492499+08:00,unused,,,
304,8079dcf058ae647853f4aefe10b6a4b286340da01afefd18eef4616d3f853eaa,pro,v2,2026-09-21T17:52:42.5492499+08:00,unused,,,
305,ce71579cffe0b6bd662b4cb225dc7409f10cbab790f2f44d42f9a2971a7ac05e,pro,v2,2026-09-21T17:52:42.5492499+08:00,unused,,,
306,229a6fd3623d1732244d84925992523268fcd6f02669d066948133546dee03c4,pro,v2,2026-09-21T17:52:42.5492499+08:00,unused,,,
307,0ce9bd0eb245d999b76618d225b17ed4b5e51ed6a884052fc0ac0ae96bdf5796,pro,v2,2026-09-21T17:52:42.5492499+08:00,unused,,,
308,1452428d65669f22ca6463ee9da4ad9dd47dc9a889a14ffc2eb3d669ce70426f,pro,v2,2026-09-21T17:52:42.5492499+08:00,unused,,,
309,b9721beb81fae09fe004b99b7db113959048023d6dafada1d2a6b416236adcdb,pro,v2,2026-09-21T17:52:42.5492499+08:00,unused,,,
310,27f8ee5e4c7056aef7c5996dc57ce972d047272f2ba2cd66acdef7589c817482,pro,v2,2026-09-21T17:52:42.5492499+08:00,unused,,,
311,1fccc1a65556e5527f650fea58e8781e94d0d3fa6d73c8b7a30b72f5215329e3,pro,v2,2026-09-21T17:52:42.5492499+08:00,unused,,,
312,1dcb9aaa2c49b4a5caf03da58f3efb41cbdb6e29f711c265319e1bcd556639b8,pro,v2,2026-09-21T17:52:42.5492499+08:00,unused,,,
313,440b7192033105b2779aa70be01832053f4a82205d20e073f66ae971dc9c95a5,pro,v2,2026-09-21T17:52:42.5492499+08:00,unused,,,
314,241a0cc97d6fc803cd6859d025ccb7c8f63b0831c922a424c8605418d208b03f,pro,v2,2026-09-21T17:52:42.5492499+08:00,unused,,,
315,32052e202a4b98517492004ac2b990ada3da9f46f502e1acd4dbb3882a58a241,pro,v2,2026-09-21T17:52:42.5492499+08:00,unused,,,
316,95b327916322896800c22c66d8f084fed63d74f7c12405b5c5c94eb5bb52d683,pro,v2,2026-09-21T17:52:42.5492499+08:00,unused,,,
317,b7f5e4dbf8ed9839b268075023f00d7ee9b5fd113af0c81e326482ebd8f40fec,pro,v2,2026-09-21T17:52:42.5492499+08:00,unused,,,
318,8f4e111bce15c866e0c7cbd5bd4f5ab28860817c445d0760cd0b10fa189c816f,pro,v2,2026-09-21T17:52:42.5492499+08:00,unused,,,
319,fdab16db950ec4e6468245b298ed7459737df2139eb1d27517f77f52a19e5f4d,pro,v2,2026-09-21T17:52:42.5492499+08:00,unused,,,
320,1570340658ed2e3d3cf82b48c18023f49be0107add16dbda8f72d183a95b9a78,pro,v2,2026-09-21T17:52:42.5492499+08:00,unused,,,
321,639929c7a8b00f01d999a01d203f06b6d78c03b9e3a7e73b333d12934cdd7a36,pro,v2,2026-09-21T17:52:42.5492499+08:00,unused,,,
322,714e11786765801bb588f172c156196256cbe4913953771ff2583ccb5e3b28c0,pro,v2,2026-09-21T17:52:42.5492499+08:00,unused,,,
323,3d6f767ea295e076aeed675f5273744fbc40091a479cb5f7d6ce497ba7d31a49,pro,v2,2026-09-21T17:52:42.5492499+08:00,unused,,,
324,74a8856039d1802b15cde144f2b3e79dcb3b6ce9cc0ffe9fff2fc79aaa926fe9,pro,v2,2026-09-21T17:52:42.5492499+08:00,unused,,,
325,e2799f692685bb49b81cbda826a61af710649ae669e759cc0ea1d5226c498c09,pro,v2,2026-09-21T17:52:42.5492499+08:00,unused,,,
326,2d7c43a2dbb607aa8754203a2deaa7cb91de74ca0f7947af861112fe74168fe1,pro,v2,2026-09-21T17:52:42.5492499+08:00,unused,,,
327,105ae37ad72f85fd477997b158c86d56c5f2ce52a329e6884b22d9dd6eb3aa9c,pro,v2,2026-09-21T17:52:42.5492499+08:00,unused,,,
328,5e096b5f4b52b2161b6db04d4f401eea4eddda98d68594e3c0e6dda438215276,pro,v2,2026-09-21T17:52:42.5492499+08:00,unused,,,
329,fb61fd380e87e4563f8a6f417988ae41fa9b66fb88d8bc4edaba794c40936664,pro,v2,2026-09-21T17:52:42.5492499+08:00,unused,,,
330,f1fc1ead72c2ecdffb13319c45bc3454e3b3f86f1434d256af22e84dac58622a,pro,v2,2026-09-21T17:52:42.5492499+08:00,unused,,,
331,be52bc283434cfddb5713328cb2af5cc12eb6330413daeaad0a4e593a07d593a,pro,v2,2026-09-21T17:52:42.5492499+08:00,unused,,,
332,f12e39c183876bafb99e64f35aabd672896334774d69c7b049771d69e67e75f2,pro,v2,2026-09-21T17:52:42.5492499+08:00,unused,,,
333,e463c3ab3d98a748943b4548302d5532a14d10dfa07925d3a5d8b4fdc0311ca5,pro,v2,2026-09-21T17:52:42.5492499+08:00,unused,,,
334,041dfb79d01720822adbf3614ae8761a18e5758d2e98265e2ceb75d525497ffa,pro,v2,2026-09-21T17:52:42.5492499+08:00,unused,,,
335,3f27edbca88262b1f6c21096eeac583f99d8349a7bb9e2ff3de853dd1cedf5bb,pro,v2,2026-09-21T17:52:42.5492499+08:00,unused,,,
336,d47852e6758689854b5c3453b5a509fd8d74bd74c0c2c3db91e84647ec9b301f,pro,v2,2026-09-21T17:52:42.5492499+08:00,unused,,,
337,ef69b8fa08a2d1b603f96da12059b1264d2739a187dcbe0983f14fe78746d707,pro,v2,2026-09-21T17:52:42.5492499+08:00,unused,,,
338,fc4e3c6ebe8c09abe8c8b5dc9bc0231d610c1693c67b967347203527229a1f17,pro,v2,2026-09-21T17:52:42.5492499+08:00,unused,,,
339,decde5ab22d861c06deaf1b8014c58b3b07bd8ae8e60f9716d813d002ea77a7c,pro,v2,2026-09-21T17:52:42.5492499+08:00,unused,,,
340,f38aa4e4c17da88dc2c21ecee8024710db8392d8f5ff3d8c916a1e1d5842114a,pro,v2,2026-09-21T17:52:42.5492499+08:00,unused,,,
341,a232694713986fb4a2bb77a53cebdc88e690959bc2fe117f76d3f5de700d9981,pro,v2,2026-09-21T17:52:42.5492499+08:00,unused,,,
342,320d24e7f6555ade54a28e19618c0a0a054a4941fbb0577e650279741aae0c48,pro,v2,2026-09-21T17:52:42.5492499+08:00,unused,,,
343,50e6a87dfe3b0eb44423a917bd1041291046d5c13f2ba6c34b1d0e8fcf9f94ff,pro,v2,2026-09-21T17:52:42.5492499+08:00,unused,,,
344,ae2f82ff6dd0bd38d6fd8f8685673f6e8599f86e8f767f6318b9aadcb0162d7b,pro,v2,2026-09-21T17:52:42.5492499+08:00,unused,,,
345,c4c408c0a06b9c506f9ae14928329eb34accc937dfd601485525b554b9d7bf08,pro,v2,2026-09-21T17:52:42.5492499+08:00,unused,,,
346,a3e878c6abc35ec9e1781f8f68b0840b077ddc31c888aa4661eafe35ceae3c62,pro,v2,2026-09-21T17:52:42.5492499+08:00,unused,,,
347,d852eac3fe4c204048baa1a5f409221ebc37893d8ae0512eee5497c140356eb5,pro,v2,2026-09-21T17:52:42.5492499+08:00,unused,,,
348,c80f142e9089b4441a499f18425d99d8eab14ff07fade90f7ce233255e017dde,pro,v2,2026-09-21T17:52:42.5492499+08:00,unused,,,
349,af7dfa536512e4be35f086a26cb60420d4258bbe035ae90c56ed04187d9dc18a,pro,v2,2026-09-21T17:52:42.5492499+08:00,unused,,,
350,4f27880f5ee1371533aecf1b6ef45ebcd955da7895ce3c03fe3f711bccb50445,pro,v2,2026-09-21T17:52:42.5492499+08:00,unused,,,
351,d7f4e19f42e973e6aa3eb1b69fd66a722420f2dd198a3627e7556d8e4f5c6d24,pro,v2,2026-09-21T17:52:42.5492499+08:00,unused,,,
352,4931d924ba1ca4859cfe4957232b953303c1c841623b2fe86f1c9114cb98f1fa,pro,v2,2026-09-21T17:52:42.5492499+08:00,unused,,,
353,f3cb70863be190422ce7b9096d82e355ec2ce20ba6e2a4d72fdcf6553ae4549c,pro,v2,2026-09-21T17:52:42.5492499+08:00,unused,,,
354,69f053df00f2b84fd67a520b3d011a1348467cf0a2a8a5339905476a55834e4d,pro,v2,2026-09-21T17:52:42.5492499+08:00,unused,,,
355,13e953d2dcdbb5b01dc12f16f18cdf139221ffda9dd083b1d76a1aa418fc9b38,pro,v2,2026-09-21T17:52:42.5492499+08:00,unused,,,
356,ca890dce81d3c77a3e60b729b4afa0c6c7662726270be5d48d1ca88f06f91370,pro,v2,2026-09-21T17:52:42.5492499+08:00,unused,,,
357,98de99c072252b2e7e4f60c8afa8a3e7f9a93554c333b4f52fcc41da0bdffef3,pro,v2,2026-09-21T17:52:42.5492499+08:00,unused,,,
358,ea3e126eea96d33300cf0ec90fb1b4c9d6a435eea9a7fe17adf0a139be649c10,pro,v2,2026-09-21T17:52:42.5492499+08:00,unused,,,
359,38e3ef3277fc72faf748e2288374a921f3bb27057e0d55a1cc1e6a09728ec111,pro,v2,2026-09-21T17:52:42.5492499+08:00,unused,,,
360,5371fc2d9db5fa4559292724a2238d91235fd76c7a43c5768f38d5baf9366153,pro,v2,2026-09-21T17:52:42.5492499+08:00,unused,,,
361,fe624d16618b281a0e2b528f386c591e7af636a1d32b0c157f36d432cc7ca4c3,pro,v2,2026-09-21T17:52:42.5492499+08:00,unused,,,
362,73266b5db3e5076fe4fe78fe57d8ed4cd43149736c57fa8393dd094f0b10a304,pro,v2,2026-09-21T17:52:42.5492499+08:00,unused,,,
363,33977438e940a190376c6ad2c371f0dadf0d04d993cfc61bb32a4ad00c179f1f,pro,v2,2026-09-21T17:52:42.5492499+08:00,unused,,,
364,a6d1ed3bdbaf4606ff9682802222284947adefbc4e1f6bc4d39da697dc39be0b,pro,v2,2026-09-21T17:52:42.5492499+08:00,unused,,,
365,ee1f95af071d0b07d950dd285122c60d3f54f6c09c9859e4c38f64c9390d06aa,pro,v2,2026-09-21T17:52:42.5492499+08:00,unused,,,
366,2418186dcd79c8b89a34a5881ccb1a0d39b00a24f5b8295a631c366deee350bf,pro,v2,2026-09-21T17:52:42.5492499+08:00,unused,,,
367,7921196b86282a24a5f5cbd85e0a042e9f1c4f1c7128ea43e96a190596527bd0,pro,v2,2026-09-21T17:52:42.5492499+08:00,unused,,,
368,60b5d8ff75730db444fe35bd4f16f203d498f22e6dbf5b978a7bf7f9bc283e33,pro,v2,2026-09-21T17:52:42.5492499+08:00,unused,,,
369,0c80a12197ca1e50c9e8f36e34fe0e2ffe7fccf841d3e9c502289e4312d6ad59,pro,v2,2026-09-21T17:52:42.5492499+08:00,unused,,,
370,25b61e2a27d4919553c2ac49da51cc8b909a8ca8bc58549f6652c5d4d6f5edfb,pro,v2,2026-09-21T17:52:42.5492499+08:00,unused,,,
371,73df20efb1176f91645d7ea3c745aa32b89d2b5539f30b0bb8ed345948f2e25b,pro,v2,2026-09-21T17:52:42.5492499+08:00,unused,,,
372,b60d60d2136bb7d90f27fe58399382c2e4a729c9c74a40c2c2bd8235455a6a20,pro,v2,2026-09-21T17:52:42.5492499+08:00,unused,,,
373,714f208413d4346b4291ab8d5732428e982a606a66512184944c5a1e5dd8b71c,pro,v2,2026-09-21T17:52:42.5492499+08:00,unused,,,
374,245bbbb8d9cc8380ac0d436f8d160c489e91ff36720e96c037c4a86493468c27,pro,v2,2026-09-21T17:52:42.5492499+08:00,unused,,,
375,e0c50071f5c2466f0e86431f433ddb7b203c7c11e0d5f53198e47bd7252dea93,pro,v2,2026-09-21T17:52:42.5492499+08:00,unused,,,
376,2bc92e2bcabfcc6e755dfae33c0f0c595365ecb475a9dc78a4d1b8c02c38eb3a,pro,v2,2026-09-21T17:52:42.5492499+08:00,unused,,,
377,42cf80102431513679144f16cd07a40f4d47abe5ac78c025de80717e910bc2f1,pro,v2,2026-09-21T17:52:42.5492499+08:00,unused,,,
378,dee3b155427d80fe8f3055046221efb41af6aaf30fe15ddb77c337a4b2355662,pro,v2,2026-09-21T17:52:42.5492499+08:00,unused,,,
379,ed54737546b0c6710f244b2e22628583ed291cc505dd7fbe3b1c671dc79a978b,pro,v2,2026-09-21T17:52:42.5492499+08:00,unused,,,
380,dcd569d511a724fae3cc62a923f5f959921d204880400a105f60b24d95d4cfac,pro,v2,2026-09-21T17:52:42.5492499+08:00,unused,,,
381,ce2af3f858026f0205ba688bf2feea609bab0a27402a8f6f2662296e9284aa2e,pro,v2,2026-09-21T17:52:42.5492499+08:00,unused,,,
382,2924e1d26cf81ca40ec0b6b3f9aa77a4f492da9cd0759ea81ecf1798725acbc7,pro,v2,2026-09-21T17:52:42.5492499+08:00,unused,,,
383,1f1f1decf98561ae586866c047e086d366536c02b0f2bbf3b35d3b803a424986,pro,v2,2026-09-21T17:52:42.5492499+08:00,unused,,,
384,259c87cb34310017971888154ab6d88b8fc99a46f7734ede3acbb42cbe3a90ee,pro,v2,2026-09-21T17:52:42.5492499+08:00,unused,,,
385,3fb028992667928dde4975e8fddabb8570d4280f3747f3b15f394f2fc92f81c7,pro,v2,2026-09-21T17:52:42.5492499+08:00,unused,,,
386,c0d94d7f538b6871e5e51da30edc7dde292299b5c999406a18b69f97e5d74fdd,pro,v2,2026-09-21T17:52:42.5492499+08:00,unused,,,
387,5dd163ee71fec474cd89729f650c9ed787b0617ec43e27e3528b1d1d1b53dd0f,pro,v2,2026-09-21T17:52:42.5492499+08:00,unused,,,
388,58b0a63dad6705c836c84a9f499f76196861128edd8c0c5628f980642a903a2f,pro,v2,2026-09-21T17:52:42.5492499+08:00,unused,,,
389,99518a15bc8813610cb10888504535db08911223a00b5b8ba8f43b8074c6f2a7,pro,v2,2026-09-21T17:52:42.5492499+08:00,unused,,,
390,b6d47ab925b0524a2f270548707122366934e631318640941c09210dd8073bcc,pro,v2,2026-09-21T17:52:42.5492499+08:00,unused,,,
391,db663b808f7974f78ca359ea23f3268d45cc23cd352c6594630324cbf75e5f82,pro,v2,2026-09-21T17:52:42.5492499+08:00,unused,,,
392,f6a94fa14b729c7eb22d704759b4557f83392461b79a8d115aedc99067289cb7,pro,v2,2026-09-21T17:52:42.5492499+08:00,unused,,,
393,924b45444368f2b65df7d1431896cf51427cfaad17e788067857812ad0eb6cd9,pro,v2,2026-09-21T17:52:42.5492499+08:00,unused,,,
394,9bd7c77e5e34fe5995ac664677db4f01450b39ed395d5d52e7b11f240f4b3bd1,pro,v2,2026-09-21T17:52:42.5492499+08:00,unused,,,
395,9d45cd76b03620b2f6de056ab8b6851654ec697109a94eb58df87cfe520ba491,pro,v2,2026-09-21T17:52:42.5492499+08:00,unused,,,
396,540ddc621f90f0f6c3942c38f4fa582821bb32e621e1516c137736826ac7a0b3,pro,v2,2026-09-21T17:52:42.5492499+08:00,unused,,,
397,75d67acc1c839b8fd74a723dc12596567279a942dbf2ec31af3ad86526f91850,pro,v2,2026-09-21T17:52:42.5492499+08:00,unused,,,
398,bd5e70e52d54e15e55bc64aed6c0dbad3904cc1fb2a77ebbf7b53cc55ecac422,pro,v2,2026-09-21T17:52:42.5492499+08:00,unused,,,
399,e4e0cded53ef9bb444a88fca6cfce636144a46aa09684f9c83a209cefef9f2e2,pro,v2,2026-09-21T17:52:42.5492499+08:00,unused,,,
400,0a84f71d3ca3c34a5f84c21d8b79f6c77dbb3cd058c219c373afd3c0c9ff57c6,pro,v2,2026-09-21T17:52:42.5492499+08:00,unused,,,
401,181e4478192ebcbf640988ac1270f11a30a43d465700848b48451e48f63972c7,pro,v2,2026-09-21T17:52:42.5492499+08:00,unused,,,
402,1dac140f153d0ce2d8b387d352aba4caf8faf903952f90284ecbc7d21a55dab1,pro,v2,2026-09-21T17:52:42.5492499+08:00,unused,,,
403,2be9487245a797669fd3aa5650ce32d5887dcb6d58e176e60e2503cbe31d9035,pro,v2,2026-09-21T17:52:42.5492499+08:00,unused,,,
404,b1aa08986136c08187afad37574589adbf4a60c6f8dc465dc0dc392189e3b340,pro,v2,2026-09-21T17:52:42.5492499+08:00,unused,,,
405,45ce4f0f4ee3a4d22bc054a7a87a64ba5925cc475d8c7a87bd76d23f3d98ba21,pro,v2,2026-09-21T17:52:42.5492499+08:00,unused,,,
406,f0af3fe3ca828e2a5b3fb9210c17502cff796e86ddb52853e601518ec71b7b33,pro,v2,2026-09-21T17:52:42.5492499+08:00,unused,,,
407,4fc14f9c728d23a94e697d12bce371b6bddb59802dcca244152e580af211dd40,pro,v2,2026-09-21T17:52:42.5492499+08:00,unused,,,
408,6b0fb0fcf8ff54a33f525d6af1eb9738fc718918851eb8fa8f1a156aeb2ade95,pro,v2,2026-09-21T17:52:42.5492499+08:00,unused,,,
409,3a9a852636ae9b356700ac4d87c8b9c6a3329b00f1de4832cf73a5d204e7f0ac,pro,v2,2026-09-21T17:52:42.5492499+08:00,unused,,,
410,4e5885295fdbebb2c537c7413c43ce8b550234aa250755fe52054ab2675c517a,pro,v2,2026-09-21T17:52:42.5492499+08:00,unused,,,
411,6c857128fbeaee68414ba05e256879b270027f4b0712b41e2bbe4d8c858d7d29,pro,v2,2026-09-21T17:52:42.5492499+08:00,unused,,,
412,9a8d6dbfbc6f6e6a89ac9da78b8ee2399b4b5463a8e9c3c74d00752ac0cded3a,pro,v2,2026-09-21T17:52:42.5492499+08:00,unused,,,
413,b8f08fba94fc954da01e385bc58cc74e2f7fc45e9eb18b1229248448a5caaf61,pro,v2,2026-09-21T17:52:42.5492499+08:00,unused,,,
414,c5823be3083e1000e3072054cb864ed1cd5e58a3dd276e3b8fe6d9077652e58a,pro,v2,2026-09-21T17:52:42.5492499+08:00,unused,,,
415,378959053499bdd633f31eb8d885fafb399c1b69bd00720db6fab69cb62d0661,pro,v2,2026-09-21T17:52:42.5492499+08:00,unused,,,
416,46ed8d2fa42e4ffbf36cfb2f6053b1d966a1c7c82a3e5014a76310510d402292,pro,v2,2026-09-21T17:52:42.5492499+08:00,unused,,,
417,feba80595b64c2356a5020ab296f1fa78e64f2c87a92de35522f4038d61f574d,pro,v2,2026-09-21T17:52:42.5492499+08:00,unused,,,
418,e0d5212e313d0ca902fb9e8cc3b03c7cae9ad94c54c41a5da03aaac8f44b0b97,pro,v2,2026-09-21T17:52:42.5492499+08:00,unused,,,
419,3f7eba791ca5291d08ecc323b11db7b539925e1495b7e28fb919e4941b4d4226,pro,v2,2026-09-21T17:52:42.5492499+08:00,unused,,,
420,c3c21649368b74494a616e7ae732098f92b19fe32c5dd54b145dab533523e521,pro,v2,2026-09-21T17:52:42.5492499+08:00,unused,,,
421,fee1b7bb7b249c18af035e33cb77f01ed023079789f272c4003b58a431bb2513,pro,v2,2026-09-21T17:52:42.5492499+08:00,unused,,,
422,e03a7fcb3f2b0bd9fb19184916813ec299ad0ededadbc231a943b6efcc117500,pro,v2,2026-09-21T17:52:42.5492499+08:00,unused,,,
423,e81e01b8fbfd9ecbc0385c057ac4103e7f14a1b42b39d615c7fe37558f549342,pro,v2,2026-09-21T17:52:42.5492499+08:00,unused,,,
424,da8bfe67d5c3cb280d1c996dccb5f496b293e8a97bd0be4943267ede5946ffb0,pro,v2,2026-09-21T17:52:42.5492499+08:00,unused,,,
425,06b0311660a2e177293a2bdd3585977fc36322212aff7993438491851aef9cf6,pro,v2,2026-09-21T17:52:42.5492499+08:00,unused,,,
426,a8209f092768adce4360ac7279bb794fe7160e188459adf0c532ec166097de54,pro,v2,2026-09-21T17:52:42.5492499+08:00,unused,,,
427,0aaac04f86d57afc6966e5e1ae52d7e4f8cc8e4df2de372da48caea629159c69,pro,v2,2026-09-21T17:52:42.5492499+08:00,unused,,,
428,04e06bb1a9d22e1de3c13102e41c98199809384fb5c5d9d5aee7d01042d9bd5a,pro,v2,2026-09-21T17:52:42.5492499+08:00,unused,,,
429,52fc882cffa7b3897d8bd222f05250495da6a8e365c276b8f9c42883e36ca6cc,pro,v2,2026-09-21T17:52:42.5492499+08:00,unused,,,
430,05cb15bf2431fa1fcace8e5d96e9eb1b810b66b42f7bdc8f8eaafa660b2dfa5b,pro,v2,2026-09-21T17:52:42.5492499+08:00,unused,,,
431,0338061a84637fe42394dcdaf0f022b7c6e27f44a74592a044b83a904c33cdf0,pro,v2,2026-09-21T17:52:42.5492499+08:00,unused,,,
432,5ee33d93385a572e8619b222fbaa49739128c22290838e009b6addcccb6696c3,pro,v2,2026-09-21T17:52:42.5492499+08:00,unused,,,
433,7f027bbe9393c75cc890dd069efcca3747d4bcc191902529610c7d416c235aab,pro,v2,2026-09-21T17:52:42.5492499+08:00,unused,,,
434,145d8fabfdb7dbb9fd3e841c59da4c5c2be80f223c9e8d83105eec7ec6e42d3a,pro,v2,2026-09-21T17:52:42.5492499+08:00,unused,,,
435,2aebcd8c90223302123cb5075590aa631e2f1ec552a7377b413c9394fd71b1fb,pro,v2,2026-09-21T17:52:42.5492499+08:00,unused,,,
436,0c364a9e57dd2caee878ea646ac04cf4817725b6c1c3e55829e580052239ee4b,pro,v2,2026-09-21T17:52:42.5492499+08:00,unused,,,
437,a434575905b909e39be604594e596e0dd4269a58ca89be7dfbafe511dd4de57b,pro,v2,2026-09-21T17:52:42.5492499+08:00,unused,,,
438,9ae907192e2c9b1db3b950150077199d4750c3c19c1e82366119267859850a7a,pro,v2,2026-09-21T17:52:42.5492499+08:00,unused,,,
439,4cda40e6d3d6a7f7c041b8d72f17c6f9d08b24d11fb38cfdc4cf565d6b9e3022,pro,v2,2026-09-21T17:52:42.5492499+08:00,unused,,,
440,4dde12fd2092550ec97d471fae83e3b1244fb4f9689e226177a36f681dd7411c,pro,v2,2026-09-21T17:52:42.5492499+08:00,unused,,,
441,5c0d25eb70872aaa4f7df36e6bc943202175e2acc7916d989ffe4fd85e4da176,pro,v2,2026-09-21T17:52:42.5492499+08:00,unused,,,
442,e76a218ef9cc28f2d03de3267c04f35aa7be7d8a8ef36469548dfb7f7ba7532a,pro,v2,2026-09-21T17:52:42.5492499+08:00,unused,,,
443,757e320655f009a6ee728efc559f0d208649487379885589873a512a1b46f14f,pro,v2,2026-09-21T17:52:42.5492499+08:00,unused,,,
444,727e73324d7d51ef76e06ff0d5d567cbd3e4138524a8a731891c25cf11f97b58,pro,v2,2026-09-21T17:52:42.5492499+08:00,unused,,,
445,c72fa689950f8b7290fdae27bae67adbdcd4bf3a6c15b6f6c265ddb06a952125,pro,v2,2026-09-21T17:52:42.5492499+08:00,unused,,,
446,b111ef2f04bb1f9fdafa50ac00c3fbc4b9679afc37355833744a80a16e7e1e03,pro,v2,2026-09-21T17:52:42.5492499+08:00,unused,,,
447,180ac2039fac911951d95a953a7a81de3426318be063c1743a74a65a42e27f39,pro,v2,2026-09-21T17:52:42.5492499+08:00,unused,,,
448,577cf80daa9439dc5646949ae4ef8240e70e4105fe490212956c73b6972c6ddf,pro,v2,2026-09-21T17:52:42.5492499+08:00,unused,,,
449,0a0c56b2fba46749ae58fa993a6dbe75ccaa65c9d10b660cc78291b14874c36d,pro,v2,2026-09-21T17:52:42.5492499+08:00,unused,,,
450,90ca97f55e77a3c8cc592e5fb5efaeb165cc520fde2a60c371f899362f6182df,pro,v2,2026-09-21T17:52:42.5492499+08:00,unused,,,
451,bef4fae365fef105b69b47521b99ecf417aaf783a304277b1e2e6f0a03ebc976,pro,v2,2026-09-21T17:52:42.5492499+08:00,unused,,,
452,45c26d13171358dc2bd6c93aaa2d4de477dbbbfd4711c6cd6484fa4a14202796,pro,v2,2026-09-21T17:52:42.5492499+08:00,unused,,,
453,cd81aba8aab2587bdf03d8f98ba62b2ae372c20852c877d19b8f5bf0ca29f7ca,pro,v2,2026-09-21T17:52:42.5492499+08:00,unused,,,
454,39bc21d5a780738305ca43bd5a407186e3ec3d0bbc70ff7cc211b7cedd1efd3c,pro,v2,2026-09-21T17:52:42.5492499+08:00,unused,,,
455,efe7ef596cb0f4f1587fd4331a58c351ea5adfb4a2bca59a2980cd4a804da474,pro,v2,2026-09-21T17:52:42.5492499+08:00,unused,,,
456,5aadbf8f2b7d0708920f712c19eddfdfa74d1c860eb29b1563c49441004c4666,pro,v2,2026-09-21T17:52:42.5492499+08:00,unused,,,
457,349021a59f57bc8d4e9d38beb8b22c14e2f3e375027fc1631a55c4bb939c8b71,pro,v2,2026-09-21T17:52:42.5492499+08:00,unused,,,
458,ab64b2a339bcc1b702f6d0ecb856a7bc32f28dabdf48e05ca16dcb87f2923940,pro,v2,2026-09-21T17:52:42.5492499+08:00,unused,,,
459,b3d2ec24736f40534c9fdcdf0f2c3c2366b9afcb26e25bbf6ae49cb5dcc7772c,pro,v2,2026-09-21T17:52:42.5492499+08:00,unused,,,
460,3e815136d35267324167c7efc59e8b099715486e171ab2203f6dd674000c195b,pro,v2,2026-09-21T17:52:42.5492499+08:00,unused,,,
461,8fe3157441bc86e7dcaf229bda486f7d2fbb8a71f468efba805bb65bc94e4b3b,pro,v2,2026-09-21T17:52:42.5492499+08:00,unused,,,
462,e78ef18da4c222831a8f16a78ddb004c09953edf3347df47061b27bfcf41e055,pro,v2,2026-09-21T17:52:42.5492499+08:00,unused,,,
463,e345346f7280ba1ddda5f97fdb296a8f170ad320c5afc0e6804a43c09d1b5b3b,pro,v2,2026-09-21T17:52:42.5492499+08:00,unused,,,
464,3d374151f45af89cfa7d1d988404c4eb4423e21de8f9b69f631b1b21c6d532b4,pro,v2,2026-09-21T17:52:42.5492499+08:00,unused,,,
465,1c1e3c0711553d87045c4c9d82df26e7b850dab5fe5c5885d4f5ffebac813fc8,pro,v2,2026-09-21T17:52:42.5492499+08:00,unused,,,
466,def66af05f75b0d891573f23c66420be4d5382dce38956b724841b167e8b2e18,pro,v2,2026-09-21T17:52:42.5492499+08:00,unused,,,
467,a56ff52e73004a8ddbf20bb9e95306d5e492cc002994eab60a7ae845cf367ee6,pro,v2,2026-09-21T17:52:42.5492499+08:00,unused,,,
468,357fd72f830219f495655664986f7a8344f178d4de4168a281acfcb657b0c172,pro,v2,2026-09-21T17:52:42.5492499+08:00,unused,,,
469,2ec56d410ded75f9aa9dd35f092d0cc087e42a4d6a2d1fe21500c40248b85ce7,pro,v2,2026-09-21T17:52:42.5492499+08:00,unused,,,
470,df09dad3adca643e6a19c600492092e10056b07e8b0121537b11d3a294bded9a,pro,v2,2026-09-21T17:52:42.5492499+08:00,unused,,,
471,a572dfab219c24415615c5ce4a902a56937b7eadf3f1dadf052514c31e19ebb7,pro,v2,2026-09-21T17:52:42.5492499+08:00,unused,,,
472,e2fab31eeb38ff6692a2dadd870ff5d4e4adad07c231ebe0d6e4b1f209c75f85,pro,v2,2026-09-21T17:52:42.5492499+08:00,unused,,,
473,5022b0d91db9010c339ecd98005b24cd561a4697403e91ccb94a15b86dee1af8,pro,v2,2026-09-21T17:52:42.5492499+08:00,unused,,,
474,378c013996814cd46cc7761f355b277de715959f69962a203d0f2225ccbd70e5,pro,v2,2026-09-21T17:52:42.5492499+08:00,unused,,,
475,40e710673baa4de96043a095384f069571aaa99d4bc48d85a6d4d20efec8a766,pro,v2,2026-09-21T17:52:42.5492499+08:00,unused,,,
476,9aea66f28506ff6319a3a66910b1a0a84a9791f4e2aecc0d1f919826088be0a5,pro,v2,2026-09-21T17:52:42.5492499+08:00,unused,,,
477,d86fc3345385160bbf9f163b759bc45efcd345d316a9da72c82105c4c7c971a0,pro,v2,2026-09-21T17:52:42.5492499+08:00,unused,,,
478,7a094367ca5935b68aba1726ef981055c2d125359993715681258c9553cf5e81,pro,v2,2026-09-21T17:52:42.5492499+08:00,unused,,,
479,8b046f9753fdc3f9703ab704ee8d5d4a67e4cfd03fb30157ea85826b5c78080a,pro,v2,2026-09-21T17:52:42.5492499+08:00,unused,,,
480,eed36d9a27fab74b4626fd429b7a52fb120f1b13e58f94c2cb026ccc4f4119b9,pro,v2,2026-09-21T17:52:42.5492499+08:00,unused,,,
481,8b408a21d6f4686e07476f7c1b3479e0e5a15c67edbc4a5b09ac70eb653c7a46,pro,v2,2026-09-21T17:52:42.5492499+08:00,unused,,,
482,f9d737356317941e0ae48a5006182e0bf3ffa1438118d8958f8eadc2d3bae46d,pro,v2,2026-09-21T17:52:42.5492499+08:00,unused,,,
483,6aa3efc71ad215a6c56ca1b755d3dada3803fdc21c464c09ab87699061fb0278,pro,v2,2026-09-21T17:52:42.5492499+08:00,unused,,,
484,75dc904be101c0b8c9fa6e5d03172b77708b98b07a9ca51cfc170236a67cf855,pro,v2,2026-09-21T17:52:42.5492499+08:00,unused,,,
485,dfd0d2d5e7b5f7a1418abbfef95901bea3bbdf12a81f0a2686f7cb1d0c34be44,pro,v2,2026-09-21T17:52:42.5492499+08:00,unused,,,
486,cb6461422e3c670967d57472a59383740e90b4c8e44f99464e12d0ebf88c8ac1,pro,v2,2026-09-21T17:52:42.5492499+08:00,unused,,,
487,65dd7316194eaa7cbdb931c3e3f7a5d2832e321f418ef9493710e2a338cfe493,pro,v2,2026-09-21T17:52:42.5492499+08:00,unused,,,
488,49a9284196dcc5e2dfeaf32c0affae9da446b8024db2585f3dee8587c80df60f,pro,v2,2026-09-21T17:52:42.5492499+08:00,unused,,,
489,51c5bae18ea2d1021ed84cea35fe2d48fe3f3312ea247e4566e03226bd7b84a0,pro,v2,2026-09-21T17:52:42.5492499+08:00,unused,,,
490,a93340fae19917c76fb64799191b2e4bf8d7d77f0bce25af84985a511309abe0,pro,v2,2026-09-21T17:52:42.5492499+08:00,unused,,,
491,cba648376beaadbb937f5a590582d27e1ca42b06ba5f72849ef964d0dc84b0c3,pro,v2,2026-09-21T17:52:42.5492499+08:00,unused,,,
492,74b39574762ed0606682a3d8b314b9e8da9954cef25112a10f51d7e98485e2d3,pro,v2,2026-09-21T17:52:42.5492499+08:00,unused,,,
493,0b156b45247d82a1e242811ceef1be5876932c2a931242d38e6213c2dc709342,pro,v2,2026-09-21T17:52:42.5492499+08:00,unused,,,
494,c5c64d5454550a058fc1bc8ce8d07f9e87a2fb7c887fdb4b290473291e78efdb,pro,v2,2026-09-21T17:52:42.5492499+08:00,unused,,,
495,ef0cd8cd05671418d75e6a6656050ccc76289efc7c734db38f17df5e2c1e316b,pro,v2,2026-09-21T17:52:42.5492499+08:00,unused,,,
496,9103b131ed473e9e7e78c71277e59a779b2989096ef71d1569b6593cb7ce17f1,pro,v2,2026-09-21T17:52:42.5492499+08:00,unused,,,
497,1e48aaf5118be174cfcf5580fa598cb253b39eb0b8b4d0eb3d857cc112a57521,pro,v2,2026-09-21T17:52:42.5492499+08:00,unused,,,
498,58b4b23e4edd953212488db3af62a5b7cb2d3539b5d0c8431e819fffe8e3b0dd,pro,v2,2026-09-21T17:52:42.5492499+08:00,unused,,,
499,87afdd3e7d9a53a9fbbd816b78875d290a3e516d5dfbff392643f074d421523f,pro,v2,2026-09-21T17:52:42.5492499+08:00,unused,,,
500,7259617e6941a6940bc9e06bb4e650459af5288a2daad6d34bc1f72b5f8facef,pro,v2,2026-09-21T17:52:42.5492499+08:00,unused,,,
